{"cameraMode":{"drawMode":0,"name":"Shaded","section":"Shading Mode"},"sceneLighting":true,"audioPlay":false,"sceneViewState":{"showFog":true,"showMaterialUpdate":true,"showSkybox":true,"showFlares":true,"showImageEffects":true,"showParticleSystems":true},"in2DMode":false,"pivot":{"x":5.616530418395996,"y":-0.15418997406959535,"z":-0.04913751408457756},"rotation":{"x":-0.10679679363965988,"y":-0.044730015099048617,"z":0.004812473896890879,"w":-0.9932695031166077},"size":1.282092809677124,"orthographic":false}