{"cameraMode":{"drawMode":0,"name":"Shaded","section":"Shading Mode"},"sceneLighting":true,"audioPlay":false,"sceneViewState":{"showFog":true,"showMaterialUpdate":true,"showSkybox":true,"showFlares":true,"showImageEffects":true,"showParticleSystems":true},"in2DMode":false,"pivot":{"x":-1.421766757965088,"y":0.498042494058609,"z":0.7284757494926453},"rotation":{"x":-0.10679679363965988,"y":-0.044730015099048617,"z":0.004812473896890879,"w":-0.9932695031166077},"size":6.912372589111328,"orthographic":false}