{"cameraMode":{"drawMode":0,"name":"Shaded","section":"Shading Mode"},"sceneLighting":true,"audioPlay":false,"sceneViewState":{"showFog":true,"showMaterialUpdate":true,"showSkybox":true,"showFlares":true,"showImageEffects":true,"showParticleSystems":true},"in2DMode":false,"pivot":{"x":72.83989715576172,"y":3.4419946670532228,"z":-157.32057189941407},"rotation":{"x":0.047264836728572848,"y":-0.2301427721977234,"z":-0.011190574616193772,"w":-0.9719459414482117},"size":10.0,"orthographic":false}